Word,Label
VEX,1
INSURANCE,1
GONE,1
SAYS,1
NOW,1
BEHIND,1
BORROWING,1
WOOD,1
EMBRACE,1
YOUTHFUL,1
INTERRUPTED,0
SAVED,1
CRUMBLING,1
OPENNESS,1
ULTIMATE,1
LA,1
LIMITS,1
DEVELOPER,1
AIMED,1
TEXTILES,1
BRIEF,1
UNICORN,1
EFFECT,1
EVERYBODY,1
BLAME,1
TOOK,1
TODAY,1
COOLANT,1
PRACTICE,1
FUSS,1
GOAT,1
DECENT,1
LAYOUT,1
CHANGE,1
LADY,1
DISPENSE,1
ERRAND,1
REALM,1
SLOWDOWN,0
DISENCHANTED,1
SHOWY,1
RAILWAY,1
MEAL,1
DISCONTENT,1
CARRIER,1
NASTY,1
SMART,1
BOOT,1
SEQUOIA,1
RECORDED,1
TRICKY,1
WORRY,0
EMPTY,1
HALF,1
SHAKING,1
REGULATED,1
ROMANCE,1
DOUBLING,1
SERIOUS,0
APPARATUS,1
MARKETPLACE,1
TOUCH,1
POLICY,1
LIBERTY,1
GROWTH,1
ORE,1
BLOOD,1
SOCIAL,1
WINGED,1
INEVITABLE,0
BUFFET,1
GROUNDED,1
CIGARETTE,1
FEMALE,1
SAUCE,1
PINT,1
CAMPAIGN,1
TAP,1
BOARDROOM,1
PENCIL,1
REDUCE,1
PUNISHMENT,0
REPENT,1
BACON,1
MILK,1
PICNIC,1
DELIVER,1
SPRINTER,1
PEDAL,1
ARCADE,1
REFLEX,1
WAKE,1
MET,1
VIA,1
SLAVE,1
ADDRESSING,1
CONTINUE,1
FREEDOM,1
ENEMY,1
LIBERATING,1
RUT,1
TAINT,0
GEOLOGY,1
VITAL,1
ADVERTISING,1
PUCKERED,1
CLIFFHANGER,1
ANALOGY,1
THROAT,1
APPLY,1
MANAGE,1
DUSK,1
COMPUTING,1
BEAUTIFUL,2
THANKS,1
USING,1
RETAINER,1
LUCK,1
USED,1
SPECTACULAR,2
OFFSHORE,1
RALLY,1
DOMINATED,1
CELEBRITY,1
EMBARK,1
ARRIVAL,1
UNIVERSITY,1
SING,1
NETWORKING,1
INSULATED,1
BUILT,1
MISS,0
SHUT,0
POOR,0
DISCIPLINE,1
MEDAL,1
OPENING,1
ARISTOCRAT,1
FAST,1
SABOTAGE,0
GET,1
CORD,1
KID,1
FATE,1
TRIM,1
READER,1
SPLEEN,1
GREETING,1
CLOTHES,1
TIMES,1
INDUSTRIAL,1
TRIGGER,1
LEAST,1
EATING,1
OUTPERFORM,2
PROGRESS,2
VARIETY,1
TRANSIENT,1
STATUE,1
LOSING,0
DREAMY,1
IMPORTANCE,1
BOMBARDED,1
MARTIN,1
BEACH,1
PLAYED,1
BRILLIANCE,1
EXPERIENCE,1
ASSESSMENT,1
CONSTRUCTION,1
INCONSEQUENTIAL,1
SECRETS,1
POLITICS,1
MARGIN,1
LOAF,1
THEFT,1
PROFITS,1
AID,1
JOIN,1
BUSY,1
MASTER,1
SHORTENING,1
ENTAIL,1
FORMIDABLE,1
CONSULTANCY,1
LAWYERS,1
SLIPPING,1
PRESCRIPTION,1
ABSURD,1
GOD,1
CHANGING,1
AWKWARD,1
UNFORTUNATELY,0
REPUBLIC,1
WHISKERS,1
CALLED,1
HELPER,1
PLIGHT,1
CORPORATION,1
TRAP,1
ENGINE,1
TOGETHER,1
SOL,1
ACCOUNT,1
EXTRA,1
ROBOTICS,1
SAYING,1
VIEWER,1
CENTURY,1
SHOWING,1
VALIANT,1
ENTERING,1
DAUGHTER,1
SINGING,1
GOLDMINE,1
CONTENT,1
BOTHER,1
FADING,1
DISRUPT,0
TERRITORY,1
COMPARE,1
BACKWASH,1
SEAL,1
PRODUCTS,1
TRAINER,1
EXPECTATION,1
WINGING,1
MATURE,1
FOGGY,1
COMPETITION,1
PERISH,1
INCLUSIVE,1
REALITY,1
NICKEL,1
ROCKED,1
GREAT,1
POLISH,1
POSITIVE,2
ACCOUNTING,1
PROMISE,1
MEN,1
SLIPPED,1
ROSE,1
EXEMPLIFIES,1
SERENDIPITY,1
FANCY,1
DREAMER,1
SELECTION,1
TIE,1
BETWEEN,1
DOUGH,1
RENEWAL,1
COMMODITY,1
MUDDLED,1
NINE,1
RIFLE,1
DESIGNER,1
CONSULTANT,1
BUTTON,1
LIGHT,1
NEWSLETTER,1
CAKE,1
WAVING,1
SANK,1
FLOATING,1
HULL,1
OLDEST,1
KICK,1
LESSON,1
TRANSACTION,1
HORRID,1
COPY,1
SCATTERING,1
METHINKS,1
OWNER,1
WON,1
THREE,1
CAPITAL,1
LAWSUIT,1
CONSTRUCTING,1
DRESSING,1
SLAUGHTER,1
ASSAULT,0
LUMBAR,1
STUCK,1
ROCKY,1
CAPITALISM,1
SANDBAG,1
HUNT,1
PLEASURE,2
SCIENCE,1
WAVE,1
SIEGE,1
BLAZING,1
ERA,1
BIRTHDAY,1
STOPPED,0
MAKING,1
FLOCKING,1
UNTEACHABLE,1
LAKE,1
RESTRUCTURING,0
FOOD,1
INSTEAD,1
EXTORTION,1
JUMP,1
DOLLAR,1
SHOCKING,1
GRAVEYARD,1
ATTRACTS,1
WHERE,1
TIGHTENING,0
DOUBT,0
BRIGHTER,1
CHRISTIAN,1
DEPENDENCE,1
RECONSTRUCTION,1
WAKING,1
HAZE,1
CALAMITY,0
BARRED,0
SEA,1
TRANSITION,1
TRANSLUCENT,1
AMATEUR,1
WRAPPED,1
VALUE,1
DROWNING,1
GAP,1
HELPED,1
ASH,1
RAG,1
OPERATION,1
MUSCULAR,1
BREWING,1
CROSSED,1
FIG,1
SAIL,1
TELECOM,1
SLEEPY,1
SUED,0
EPSILON,1
EMERGES,1
JEOPARDIZED,0
UNBIASED,1
SET,1
RESTORE,1
NOTCH,1
EVANGELIST,1
BILLY,1
SUSTAINABILITY,1
ORIGINAL,1
DEBATE,1
CHAMPION,1
MARATHON,1
TACKLE,1
DEALMAKING,1
CONTRACTS,1
OWE,1
RULE,1
SEEN,1
CHASING,1
DOMESTIC,1
INTOXICATION,1
DINNERS,1
PROLIFERATION,1
DUG,1
OPENED,1
PROSPER,1
OVAL,1
PHILOSOPHER,1
GIFTED,1
HON,1
CLUNG,1
FROST,1
PROPERTY,1
PREPARES,1
HORRIBLE,1
CROSSFIRE,1
BASE,1
BRINK,1
PLEASE,1
STAKE,1
VIRTUAL,1
VERSA,1
CLINKING,1
UNUSUALLY,1
UNSTABLE,0
FLOGGING,1
FIELD,1
EXPLOSION,1
DRINKING,1
TIPPLER,1
WOES,1
TIDE,1
CLEANER,1
ELECTRIC,1
CONQUEST,1
FIERCELY,1
SPLITTER,1
PHOTO,1
FIERY,1
TOTAL,1
PROJECT,1
SHIPPING,1
NOTICED,1
EMBLEM,1
JUDICIAL,1
HANDSOMELY,1
THAT,1
PHASE,1
SCUFFLE,1
GRID,1
STUMP,1
ELBOW,1
INCENTIVE,1
SCOURGE,1
CARRY,1
EDDY,1
ACROSS,1
EYE,1
BARE,1
NUT,1
SALE,1
ISSUE,1
SUCCESSFUL,2
NURTURED,1
PULLING,1
STUFF,1
LINGUISTIC,1
MARK,1
ALTERNATIVE,1
SUBTRACTED,1
KNOCKING,1
TISSUE,1
DWELLING,1
LOBBY,1
SPRUNG,1
INVISIBLE,1
GROWS,1
LICK,1
CHEAPER,1
SPEAKS,1
AXE,1
EXTREMELY,1
COLOSSAL,1
LEAVING,1
SHIPPER,1
DIOXIDE,1
DRAWN,1
CHECK,1
STOP,1
TRADING,1
WARMING,1
UNCHANGING,1
INTENSELY,1
INCONVENIENCE,0
MEANING,1
LOSES,0
CRAFTY,1
NEST,1
ELECTRONIC,1
FLEXIBILITY,1
CROSSING,1
BUBBLE,1
SOOTY,1
EXCHANGE,1
CARELESS,0
INK,1
SOON,1
STARTING,1
TOXIC,1
GOING,1
UNHEALTHY,1
LOAD,1
DRIVERS,1
ATTEMPT,1
CARS,1
IMPROVED,2
NORTHERN,1
INEXORABLE,1
MEDICAL,1
STUMBLED,1
HIRING,1
UPHEAVAL,1
HOMEOPATH,1
CUSTOMER,1
FARE,1
SHOUT,1
FEARLESS,1
PIVOTAL,1
SENDS,1
DOCTOR,1
JOINED,1
STABLE,2
LAWMAKER,1
DELIGHTFUL,2
UNDERGOING,1
SNAP,1
SITE,1
CLEANING,1
TAIL,1
VACANT,1
CONTAINER,1
WHO,1
RICKSHAW,1
CONVENTIONAL,1
MYSTIC,1
THICKER,1
DOSE,1
CHOOSING,1
BARREL,1
SUPERVISOR,1
VENTILATOR,1
SUE,0
MOVIE,1
STORMY,1
DROP,1
STATUS,1
OUTLET,1
PERIPHERY,1
PUT,1
ACCUSED,0
BEYOND,1
RATIFICATION,1
LEARNING,1
SUPERCOMPUTER,1
DIRECTION,1
SECRETIVE,1
ROUTE,1
DID,1
MONSTER,1
TRUE,1
SCENARIO,1
PASSED,1
FREE,1
TSUNAMI,1
GAMBLE,1
STITCHED,1
DECORATION,1
CONCRETE,1
WARY,1
EXAGGERATED,0
TOWARDS,1
BILL,1
INVENTED,2
CONUNDRUM,1
LOOKING,1
WEIGH,1
DESERT,1
OFFICE,1
NOVEL,1
BIKE,1
LIMBO,1
BUFF,1
HOPE,1
WHODUNNIT,1
FLOW,1
SURVIVING,1
GAZING,1
RECKONS,1
LOOMING,1
DIGNITY,1
WATCHMAKER,1
CAUSED,1
SAILING,1
PRICES,1
CURE,1
PACKING,1
CLEAR,1
MAX,1
HEIR,1
MIXED,1
CLICKED,1
BEDEVILLED,1
RIVALS,1
INDISPENSABLE,1
ADD,1
UNCLE,1
LEADERSHIP,2
POCKETS,1
SUPPLYING,1
UNLOCKING,1
FOLLOW,1
BAND,1
FAMOUS,1
IS,1
BLACKLIST,1
UNHAPPINESS,1
BOW,1
APPROACH,1
CHEST,1
SALESFORCE,1
LOGGING,1
EVERYWHERE,1
VIRGIN,1
CHECKPOINT,1
PREYING,1
MANUFACTURING,1
REVIVAL,1
BOYCOTT,0
SPORTSWEAR,1
SOLUTION,1
SURPRISING,1
FETCH,1
BILLIONS,1
WAGONER,1
FORMATION,1
JUSTICE,1
SEAT,1
REPORTING,1
CHIPMAKER,1
DAY,1
TOP,1
ARTIST,1
PRIMARY,1
LIP,1
LATER,1
INVERSE,1
BUMP,1
DIVERSITY,1
ROT,1
GROUP,1
DAD,1
FRET,1
WIN,2
CRACKDOWN,1
BUDGET,1
MELTDOWN,1
CURSE,1
PRODUCT,1
HORSE,1
CHEAPEST,1
FITTING,1
LOAFING,1
AMISS,1
SPROUT,1
INVENTIVE,2
DREAM,2
BE,1
COUPLE,1
FASHIONED,1
FIDELITY,1
TALENTED,1
POSE,1
JET,1
BOTH,1
YOUNG,1
ANALYSE,1
STORE,1
DIRTY,1
TRAIL,1
IRRATIONAL,1
SAME,1
PRIZE,1
TWIST,1
LOWER,1
SWINGING,1
SUGAR,1
INCREASING,1
RESOURCEFUL,1
SEE,1
HARK,1
AIRPORT,1
SHOWDOWN,1
LETTING,1
BEGGAR,1
VAPOUR,1
FREEZE,1
TWICE,1
ADVISING,1
CONTRACTOR,1
BOTTOM,1
RUIN,1
BIG,1
RECOVERY,1
LAWYER,1
BEEF,1
ROOF,1
COMMERCIAL,1
STAGE,1
COMING,1
IGNORING,0
BEST,2
ENFORCE,1
LOG,1
APART,1
MOAN,1
CORPORATE,1
MUG,1
PODCASTING,1
SHELF,1
OVERSEAS,1
ILLUSTRATE,1
ROUT,1
EMPLOYER,1
UNDERSTANDING,1
CODE,1
MILLIONAIRES,1
REALISTIC,1
INFORMATION,1
BLOODHOUND,1
BITTER,1
SELL,1
MAINTAIN,1
SQUEEZING,1
STONEWALL,1
AGAIN,1
TAKEOVER,1
MILLENNIUM,1
CONFLICT,0
PENALTY,0
SURVIVOR,1
ANONYMOUS,1
RECAST,1
OVERGROWN,1
SUNSPOT,1
GREEDY,1
BUZZ,1
THYSELF,1
DELIVERER,1
INNOCENCE,1
THOUSAND,1
MAKE,1
CAR,1
PARTICULARLY,1
MALADY,1
HOLY,1
TOWN,1
SANCTION,1
BLUNDER,1
MOOD,1
ANACHRONISM,1
NETWORK,1
LINKING,1
UNDERMINED,0
WATERING,1
SEASON,1
ADRENALIN,1
RISKY,0
TEACHING,1
BINDING,1
INNOVATION,2
COMMISSION,1
HONEY,1
MATCHMAKING,1
QUIT,0
CREATION,1
CHALLENGES,0
WHOLE,1
ENDING,1
TEA,1
BECAME,1
DIP,1
RANSOMWARE,1
FREAK,1
SPUR,1
REFORM,1
OVERTAKING,1
REMEMBER,1
ROUTINE,1
IMPACT,1
TEMPLE,1
KEY,1
FED,1
WRITTEN,1
LEFTOVER,1
BLOWING,1
OFFER,1
ONLINE,1
BUBBLING,1
FALL,1
CONCENTRATED,1
VOTE,1
WHIZZ,1
REPLY,1
PRO,1
COLLECTORS,1
ENCOURAGING,2
GULF,1
CONVENTION,1
BALANCING,1
TWITCHING,1
CELEBRATES,1
CEMENT,1
WOE,1
POND,1
INFINITE,1
DOCKETING,1
TIME,1
COERCED,0
PART,1
CONTAMINATION,1
FIREBRAND,1
SMARTPHONES,1
ATTACKER,1
BLOCKCHAIN,1
SEEK,1
AFAR,1
LOSS,0
TIRELESS,1
INTRODUCTION,1
RELISH,1
LOCUS,1
UTILITY,1
ALUMINIUM,1
AROUND,1
UNREST,0
UNDERGO,1
CRACKED,1
OUTSOURCERS,1
DEVELOPMENT,1
WALKING,1
SYMPATHY,1
MISSION,1
TWINKLED,1
AFFAIR,1
CLAW,1
RIDERLESS,1
VANISHING,1
GUARD,1
BRILLIANT,2
UNITY,1
DOWNTURN,0
STREET,1
TO,1
LEGALLY,1
CHOICE,1
GLOOMY,1
ROWING,1
MARGINAL,1
AND,1
NOISE,1
ABANDON,0
ANYMORE,1
HYPOCRISY,1
COW,1
BRIDESMAID,1
DISENGAGEMENT,1
PICTURE,1
VALUABLE,2
DOOR,1
REFUGEE,1
HIS,1
RIVALRY,1
IDLE,0
WEDDING,1
BLUE,1
VOLATILE,0
CHEMICAL,1
SQUEEZE,1
INTERVENES,1
DECLINING,0
TRUTH,1
SOUTH,1
JUST,1
THEATRICAL,1
CHAOS,1
FLOCK,1
KNICKERS,1
PRODUCER,1
BOTTOMLESS,1
MISSILE,1
CONSOLE,1
PRODUCING,1
TRICK,1
OBSERVED,1
WAYS,1
SOUND,1
PATHWAY,1
POURING,1
BALL,1
NUPTIALS,1
RULER,1
QUOTA,1
UPSETTING,1
HEADPHONE,1
HONOUR,1
CIVIL,1
PROFILE,1
EMERGE,1
OUTWEIGH,1
BETTER,2
UPON,1
LUMEN,1
BLUEPRINT,1
TRADITION,1
WASH,1
SORDID,1
WHEEL,1
BUNDLE,1
ATOM,1
WANNABE,1
SALES,1
BARGAIN,1
SACK,1
WOLF,1
BROKEN,1
DESTROY,0
EDUCATION,1
DIAL,1
THING,1
RESPONSE,1
FICTION,1
SUCCESSION,1
BORDER,1
FUTURE,1
LOGISTICS,1
DEMOGRAPHIC,1
RECKON,1
DISGRACE,0
FACTOR,1
UNSUSTAINABLE,0
INJECTABLE,1
STOCK,1
THANKSGIVING,1
VISTA,1
PROTECTION,1
CORRUPTION,0
SMOKE,1
DEEPLY,1
INDICTMENT,0
NUMBER,1
STRESS,0
FOX,1
SMOOTHER,1
RISE,1
PAS,1
IMPERIAL,1
DARKER,1
FALLEN,1
DRAIN,1
SALT,1
BITCH,1
SENSE,1
HEADQUARTERS,1
REBIRTH,1
INIQUITY,1
MINE,1
OUTDATED,0
REAP,1
CUSTOMERS,1
CATGUT,1
BULLSHIT,1
TOUCHED,1
COMPLY,1
STILL,1
STYLE,1
SPINE,1
NATURE,1
GENESIS,1
CRACKLE,1
HELLO,1
SUBSCRIPTION,1
ARRESTED,0
TUB,1
FAILS,0
SCHOOL,1
HOLDING,1
MUSEUM,1
GROW,1
ONE,1
OMISSION,0
ROYALTY,1
BRAIN,1
HUNTER,1
HEATING,1
BAKSHEESH,1
KINGDOM,1
SPREAD,1
FRATERNITY,1
WARFARE,1
CULT,1
PRIME,1
FLYING,1
DEDICATED,1
WHISTLE,1
EASE,1
SHELL,1
FLIRTING,1
BAG,1
TAPPED,1
AREA,1
FRIGHT,1
EMPOWERMENT,1
SUPERHUMAN,1
HUMBLER,1
MILE,1
GRANULE,1
FLUSH,1
SICKNESS,1
DEVELOP,1
ATTRACTION,1
PURE,1
DISTRUST,1
OVERPRICED,1
REMOVAL,1
WIELD,1
ARTIFICIAL,1
CREDENTIAL,1
BUT,1
IDENTIFYING,1
ILLEGAL,0
REWARDED,2
RELIEF,1
FORK,1
GENDER,1
RECEPTION,1
BITING,1
BACKSIDE,1
SWAP,1
DANCING,1
FLED,1
GUTTERING,1
SWALLOW,1
LEGAL,1
NASAL,1
ROUGHER,1
FOUNDER,1
PLEAD,0
TOURNAMENT,1
TIGHTER,1
RIDE,1
SLOWING,0
CONSUMER,1
CONQUISTADOR,1
KINDER,1
MULTINATIONAL,1
FLOPPY,1
AMBITIONS,1
SETTLER,1
MEDIATOR,1
CHECKING,1
UNMOVED,1
SILENT,1
CRACK,1
MADMAN,1
INFOMERCIAL,1
WASTED,0
EMBROILED,1
SUPREMACY,1
MOUNT,1
PUFF,1
OVERSIGHT,1
BRANCH,1
BURGHER,1
BOOK,1
TOY,1
COUGH,1
XI,1
DEVICE,1
RESERVATION,1
TYRANNY,1
IDEA,1
RIDING,1
CHAIN,1
QUANTUM,1
STATION,1
GRAVITY,1
NEAT,1
CRADLE,1
READY,1
DISORIENTATION,1
TRUCK,1
RAIL,1
BARLEY,1
PRETTY,1
PUBLICIST,1
PURSUED,1
LEAD,1
CONTUSION,1
WOBBLY,1
BRIM,1
TOWEL,1
DIFFERING,1
SHOOTS,1
RHAPSODY,1
TRAIN,1
CREPT,1
CONTRACTION,0
ROUNDING,1
FORTHCOMING,1
GLASS,1
TASTE,1
BRAINSTORMING,1
TREADMILL,1
RESEARCH,1
MISSPEAK,1
INTERNATIONAL,1
WASTEFUL,0
TROPHY,1
STUDY,1
MATRIMONY,1
GEM,1
LIVE,1
VICTORY,1
IRRESISTIBLE,1
EASY,2
UPWARDS,1
BETHINK,1
BELIEF,1
OFTEN,1
SCRAP,1
HUNTING,1
OPERA,1
BATTERY,1
WATCH,1
MEASURE,1
WAGING,1
REMORSE,1
MENSTRUAL,1
ANOTHER,1
THREATENS,0
RECONSIDER,1
PURCHASE,1
BATH,1
TABLET,1
WORTH,1
SALVE,1
DYNASTY,1
INVITED,1
CORE,1
OILY,1
RETAILER,1
SMILE,1
DRIVE,1
EMPLOYEE,1
REVOLVING,1
JAPAN,1
CLASH,1
BEETLE,1
REDUCING,1
SHINE,1
EXASPERATED,1
INTENSIFIED,1
UNSHEATHED,1
WRONG,0
MOVEMENT,1
DEFERRED,1
SEVEN,1
REGULATION,1
SUCCEED,2
WARRIOR,1
DEFY,1
EQUAL,1
RESCUE,1
COURTING,1
EFFICIENCY,2
READERS,1
PENNY,1
TIRED,1
PREVENT,1
CLICK,1
GIN,1
FLAGGED,1
ANT,1
AGREE,1
VIDEO,1
TURNING,1
HOLE,1
PLANE,1
RESCUED,1
WEALTH,1
COMEBACK,1
PRIZED,1
EXCLUSIVE,2
ENJOY,2
GOLF,1
BLOT,1
FLAME,1
WIDER,1
COMEDIAN,1
LEAGUE,1
CONSULTING,1
HARD,1
POSTAL,1
BILLBOARD,1
GENERAL,1
OVERPAYMENT,0
UNSHACKLING,1
SHRUG,1
JOB,1
TECHNOLOGY,1
SOME,1
NATIONAL,1
RECRUIT,1
CLIP,1
OATH,1
CONNECT,1
PUSHING,1
ACCIDENTAL,0
SURVIVE,1
AUTOCRAT,1
VARIES,1
SORREL,1
ASSUMING,1
HURT,0
ATROPHYING,1
STRANGLE,1
HELPING,1
AS,1
ALLEGATION,0
PICKING,1
LOGIC,1
OWNS,1
ELECTRICITY,1
APPROVED,1
REED,1
INVENTOR,2
SPARKLING,1
SPECIAL,1
POTHOLE,1
CREAMY,1
IT,1
TRUTHFUL,1
DEPENDING,1
TOE,1
HARDER,1
FIRM,1
EAR,1
FLOOR,1
TIMED,1
MAVERICK,1
CLIMB,1
COMBINATION,1
TERM,1
FABRIC,1
PERSUADED,1
NOVO,1
SPIN,1
SMASHING,1
WEIRD,1
PRODUCTION,1
SYLLABLE,1
SHOOK,1
INVITING,1
FLAW,0
BELEAGUERED,1
FANTASTICALLY,1
LOOTED,1
SUDDENLY,1
MASTERED,1
FLAMING,1
BLOCK,1
PARADISE,1
STEM,1
BREAKING,1
RECOGNITION,1
SPONSOR,1
ALWAYS,1
SHUDDER,1
PARDON,1
FIRED,0
SHAME,1
LAB,1
RECREATIONAL,1
RINSED,1
CONSCIOUS,1
WEALTHIER,1
WHIP,1
DATA,1
DEEPWATER,1
FUN,1
SECRET,1
IRRITATION,1
WEAKENS,0
PER,1
EMISSION,1
AVALANCHE,1
STRIKING,1
HERD,1
SHARE,1
LOCALLY,1
ECONOMIC,1
BORDERLESS,1
DOMINATE,1
INROAD,1
RELIANCE,1
DUEL,1
SPENDING,1
REMARKING,1
SOONER,1
ORACLE,1
ANGER,1
HOLD,1
GOVERNMENT,1
COMPENDIUM,1
OH,1
ENTERPRISE,1
PUNISH,1
AGRICULTURE,1
WEAK,0
SUPERVISING,1
FACING,1
CONSOLIDATION,1
ACQUITTAL,0
COMPLEX,1
REDRESS,0
SICKLY,1
TRAVAIL,1
STREAK,1
HEALER,1
ENVIRONMENTAL,1
HOMEBODY,1
IDOL,1
PIT,1
AUGUST,1
INSURED,1
WANDERS,1
RUDE,1
WASTE,1
FORCING,0
MELON,1
SLIPPER,1
WRITE,1
TURNOVER,1
UNEXPECTED,0
ACTIVIST,1
POT,1
SHIMMERING,1
REFRESHED,1
TURMOIL,0
RELEASE,1
DINGY,1
SUPERPOWER,1
DISPATCH,1
MAR,1
BARTERING,1
CRITICISM,0
SOUR,1
CALLING,1
COMMON,1
POWERFUL,1
WILDEST,1
RUN,1
TRICKLE,1
CRUTCH,1
ACCESS,1
OWNED,1
HAT,1
HEADING,1
HIRED,1
SWIFT,1
REACHING,1
MERCHANT,1
INVESTMENT,1
HAIL,1
BROUGHT,1
BIAS,1
WEAR,1
CREATES,1
PACE,1
CONSTERNATION,1
RECKONING,1
KILL,1
FINGER,1
SILENCE,1
LOWERED,1
INSTINCT,1
LEATHER,1
PUMP,1
PAVED,1
OPPORTUNITY,2
UGLY,1
SCOTCH,1
YOU,1
CROWN,1
TRANSFIGURATION,1
EASTERN,1
ENTERS,1
PARLIAMENT,1
REMARKABLE,1
CRAFT,1
BELATED,1
POLICE,1
DEATH,1
RUSTLE,1
BUSINESS,1
MODEL,1
CUTTING,1
PYRAMID,1
SUPPLIER,1
SETTLED,1
HIM,1
UNEMPLOYMENT,0
WEIGHT,1
HIGHLY,1
LEADING,2
SENTENCED,0
SHRINKING,1
RELEVANT,1
PIONEER,1
BURLESQUE,1
FRAUD,0
REFERABLE,1
TICKING,1
CURSED,1
JAM,1
SEARCH,1
CARTER,1
MYSTERY,1
HART,1
CON,1
BOOMERANG,1
SOFT,1
ETHIC,1
RESPOND,1
ALIKE,1
GLOBE,1
FIT,1
EFFORT,1
CHEMISTRY,1
LIABILITY,1
FLATTERY,1
MARVEL,1
SHOCKED,0
BIOSIMILARS,1
DESK,1
RESISTING,1
QUITS,1
BENEATH,1
BACKWATER,1
FOR,1
CHANCE,1
INVESTIGATE,0
SIGNAL,1
BLOWOUT,1
INVADE,1
CARAVAN,1
RACIAL,1
STRATEGICS,1
POPE,1
GUEST,1
RADICALLY,1
FIVE,1
WEATHER,1
MADCAP,1
HEALTH,1
SHAKE,1
CROSSROAD,1
CONCLUDE,1
FIGHTING,1
FALSE,0
EXISTS,1
MOTORIST,1
HORIZON,1
LOVERS,1
MOTORCYCLE,1
DARLING,1
INTERTWINED,1
EXPANDING,1
QUEEN,1
TYPE,1
WAY,1
NEWS,1
NIGHT,1
EXIT,1
FEEL,1
GULLY,1
SHAH,1
TINY,1
LOVING,1
SALVAGING,1
SUSPECTED,0
LAY,1
SPELL,1
OVERBOARD,1
SETTLEMENT,1
WALK,1
SPARED,1
PROTECTIONIST,1
REBOUND,2
HOT,1
EMPIRE,1
CHATEAU,1
THREATEN,0
UNLOCKED,1
DROUGHT,0
YET,1
CUDDLIEST,1
TACTICAL,1
SPARE,1
LIFT,1
PLUNGING,1
BELIEVING,1
CHARACTER,1
BOWED,1
NET,1
SKILL,1
TSAR,1
DEALT,1
FINAL,1
BUSINESSMEN,1
FASTER,1
BLOCKED,1
AFRAID,1
BRIGADE,1
BULK,1
FIND,1
HIT,1
BANISH,1
LITTLE,1
RIP,1
WAR,1
REMOTE,1
BAN,1
PATH,1
ARCTIC,1
FORBIDDEN,0
ABUSE,0
SIPPING,1
DESIGN,1
SEEM,1
HIRE,1
ENJOYING,2
SECRETARY,1
NICER,1
TYING,1
CRITIQUE,1
SOMEWHERE,1
BEWARE,1
PLANET,1
CREATING,1
QUALITY,1
BOND,1
MOTHER,1
PAST,1
CHALK,1
DANGER,0
DEAL,1
VIGOUR,1
LED,1
RUMOUR,1
CONSEQUENCE,1
REALISM,1
CLUTCH,1
INTENT,1
FORM,1
LANGUAGE,1
MOTIVATION,1
INCH,1
SLIPPERY,1
LEFT,1
WAGON,1
RECESSION,0
CYBERCRIME,0
IMPROVEMENT,2
DISSENTER,0
CURL,1
SEEDY,1
OUTWARDS,1
PICKED,1
DISPUTE,0
EXERCISE,1
POKER,1
KNEADING,1
WITHIN,1
PRINCIPLE,1
BOOKMARK,1
PUBLISHER,1
BOLTED,1
PERFECT,2
EXISTING,1
INVASION,1
APE,1
SPLINT,1
CAUTION,0
FEE,1
EXIST,1
SAY,1
CUCKOO,1
BANANA,1
MARKET,1
DELIVERING,1
HORSEY,1
EXCITEMENT,2
TILLER,1
BEE,1
PARITY,1
SUPREME,1
CHAPTER,1
LATEST,1
PITFALL,1
READ,1
PRESIDENCY,1
SWIM,1
RELATION,1
DEARER,1
AVIATION,1
COPE,1
WOODS,1
FREEDMAN,1
SIZE,1
STRIVING,1
OUTRAGEOUS,1
MAN,1
HEAD,1
REGION,1
SUFFERS,0
SORRY,1
TEST,1
ELECTRIFIED,1
THORN,1
ENABLE,2
NATIONALIZING,1
APPRENTICESHIP,1
OVER,1
DIED,1
ELITE,1
REFORMING,1
DIARY,1
PRISON,1
TENDON,1
CLOCK,1
RECORD,1
SETBACK,0
REPAIR,1
INMATE,1
MAXIM,1
MAGAZINE,1
ACCUSE,0
MATCHED,1
MILLION,1
REFUSED,0
COMPETENCE,1
MIXING,1
WASHING,1
DISTRICT,1
LISTING,1
RAIDER,1
WARM,1
QUALM,1
CHEAP,1
FASHIONING,1
KNOW,1
STEALING,1
ASSUMED,1
FIGHT,1
EMBODY,1
JOCKEY,1
HERESY,1
STARTED,1
COUTURE,1
ACCIDENTALLY,0
RELATIONSHIP,1
PENTAGON,1
ASSEMBLED,1
PEN,1
WEST,1
OVERHAULED,1
REMAIN,1
MONEY,1
CREATE,1
ALREADY,1
PUSHED,1
INSPIRE,1
REJECT,0
JOINT,1
YAHOO,1
GOSPEL,1
CENTRE,1
MERGE,1
QUIETLY,1
HYBRID,1
WORKING,1
BROADBAND,1
SHIFTING,1
AMID,1
GEAR,1
IMAGE,1
ANGRY,1
GLOOM,1
THRIVE,1
SATELLITE,1
HOMESPUN,1
TOO,1
SURRENDER,1
BOOTSTRAP,1
DRUGS,1
MANY,1
MOSTLY,1
EXTRACT,1
LEE,1
AFTERLIFE,1
LEGEND,1
JUNGLE,1
ABACK,1
ROW,1
REDEMPTION,1
RAW,1
GROWING,1
NOBODY,1
COLLAPSE,0
RATING,1
FRIEND,1
RECREATION,1
VEHICLES,1
PLAN,1
TRADER,1
ADMITS,1
BLACKOUT,1
FOREHEAD,1
INSTITUTE,1
LEG,1
TENSION,1
HUB,1
SULKING,1
PROPER,1
CLOTTING,1
RATTLING,1
GEOGRAPHY,1
ADAPT,1
EITHER,1
CONTROVERSIAL,0
UNWELCOME,0
WHAT,1
LIVING,1
PLASTIC,1
SHEER,1
BANKING,1
MAY,1
RIPE,1
DEPRESSED,0
DEPOSIT,1
COUPLING,1
HOPING,1
OUTDONE,1
PARCEL,1
WHISPER,1
CONFIDENCE,1
BARRIER,0
INVENTORY,1
PAT,1
CONCUBINE,1
WINE,1
EYING,1
SADDER,1
VULNERABILITY,0
HOP,1
SELLING,1
UNWISE,1
BREAK,0
RELIABLE,1
SNARL,1
VIABLE,1
RICHER,1
PORTER,1
PLUGGED,1
MODERATE,1
PIROUETTE,1
AH,1
DOOM,1
PUPIL,1
COOL,1
JACKET,1
AUTONOMOUS,1
SOIL,1
SKIES,1
QUEST,1
ROUND,1
BROADCAST,1
SMOTHER,1
DEPART,1
COME,1
ACT,1
RAISING,1
FORSWEARING,1
UNITES,1
REPRIEVES,1
PACKER,1
CABINET,1
ENTRENCHED,1
PORCH,1
INDUSTRY,1
MINISTER,1
BLOW,1
SOLAR,1
SPIRIT,1
SWITCH,1
TROUGH,1
TOM,1
COOLING,1
LATHER,1
HACKED,1
CYBERSPACE,1
ELICIT,1
METAL,1
BIT,1
GAPE,1
CONSCIENCE,1
STREAMING,1
WISHING,1
WOULD,1
PASSAGE,1
TOUR,1
SHAKEN,1
IMPROVE,2
RARE,1
ROGUE,1
HONESTLY,1
TURNED,1
ESCAPING,1
ANXIOUS,1
WIND,1
ENGAGED,1
FORCED,0
VACCINATION,1
DEVISE,1
DECADE,1
FLAG,1
SEQUEL,1
GREATER,1
UNEASY,1
REVOLUTIONISING,1
PORT,1
REPUBLICAN,1
LORD,1
ECONOMIST,1
STOCKPILING,1
PERFORMANCE,1
APPEAL,1
PROMOTION,1
SUIT,1
MONTH,1
SUPPLY,1
AUTO,1
MEETING,1
BANDIT,1
CRAZY,1
SALESMAN,1
QUEUE,1
THEN,1
APPETITE,1
USUAL,1
FADE,1
AIRBORNE,1
HONEYMOON,1
DIRT,1
FLOTATION,1
ENTERTAINMENT,1
FORUM,1
MOTORBIKE,1
BORING,1
GRAPHIC,1
AWAKEN,1
CHEER,1
ENGAGEMENT,1
RIDDLE,1
LYMPH,1
GOAL,1
ABBE,1
NEXT,1
PERSON,1
BEHEMOTH,1
MOTOR,1
INTERNET,1
JOBS,1
AGREEING,1
CONCEIVED,1
ALL,1
FACE,1
FIAT,1
POWER,1
FIX,1
TELL,1
GUARDIAN,1
NURSING,1
DARK,1
BEAST,1
INTERVIEW,1
TILL,1
PROOF,1
UPSIDE,1
POPULAR,2
WICKET,1
SPINNER,1
MODERN,1
ART,1
WIPE,1
GRAIN,1
QUITE,1
BROTHER,1
ARCHAEOLOGY,1
REGULATORY,1
TURNAROUND,1
LITHIUM,1
EARTHQUAKE,1
FREIGHT,1
BRASS,1
MAID,1
RINGS,1
MAINSTREAM,1
PILOT,1
SELF,1
INNOVATIVE,2
FRICTIONLESS,1
FRACTURED,1
MANAGEMENT,1
BABY,1
SIC,1
SNAPPING,1
AGRIBUSINESS,1
AIDE,1
YEAR,1
DISPATCHED,1
RIGHT,1
IMAGINE,1
MOMENTUM,1
HUMBLE,1
DRILL,1
RETURN,1
SONGWRITER,1
SPECIE,1
SHORT,1
NODULE,1
FARMING,1
NECESSITY,1
BELT,1
BUOYANT,1
HIGH,1
FUNERAL,1
MISERY,1
ENTANGLING,1
UNDERGROUND,1
STORM,1
PAYABLE,1
SUPERIOR,2
SLICE,1
LIFESAVER,1
LIMIT,1
OUTWITTED,1
DIAMOND,1
BAMBOO,1
VERSUS,1
BLESSING,1
PATIENCE,1
STONE,1
REGULATE,1
SUM,1
ATTENTION,1
SURVIVED,1
US,1
BUILDER,1
SUPERSTAR,1
ORBIT,1
RULES,1
RESUME,1
LAPSE,0
HOBBY,1
SPITE,1
SANDSTORM,1
CASE,1
DIRECTOR,1
COOK,1
STRATEGY,1
HIP,1
SHIPOWNER,1
MINERAL,1
LAUGH,1
CRICKET,1
GOODBY,1
PREPARE,1
DEMOCRACY,1
IMPOSSIBLE,0
CURVE,1
STRANGE,1
DISASTER,0
GENIUS,1
DOMINATION,1
BEING,1
POUCHING,1
CLAN,1
IRONY,1
NEUTRAL,1
UNSOUND,0
SHOOTING,1
RUNNING,1
BOSS,1
ROOM,1
BET,1
CONFESS,0
ELLIPSE,1
DOMINANCE,1
EXPENSE,1
COUNTING,1
PREPARED,1
WEAKNESS,0
BUSH,1
EARLY,1
PLACING,1
PLAYBOOK,1
GENERATION,1
SHILLING,1
UNCERTAIN,1
HELICOPTER,1
GRITTY,1
BREATH,1
DISCOUNT,1
SPACE,1
ENGINEER,1
BEHAVE,1
ALONE,1
SPEAKER,1
OWNERSHIP,1
CONSTITUTION,1
CURRENCY,1
DISC,1
GIVEN,1
NO,1
MISTAKE,0
AHEAD,1
CHANNELLING,1
HITS,1
CRY,1
WRITER,1
AERIAL,1
RING,1
FRIENDSHIP,1
DIVORCE,0
DEADLY,1
AUTUMN,1
DIVERGENCE,1
VEINS,1
DINING,1
SOURCE,1
OCTOPUS,1
DISTINCT,1
MAGIC,1
SLUMP,1
SHORTAGE,0
MAMMOTH,1
TURKEY,1
COLLAPSES,0
CANDIDATE,1
WAREHOUSE,1
PRINCIPLES,1
SECURITY,1
EDGE,1
BEARING,1
UNBROKEN,1
ACTUAL,1
PURPOSE,1
SNOWFLAKE,1
DEALING,1
ALE,1
OBSTACLE,0
ELSEWHERE,1
HATE,1
WORLDS,1
DISPUTED,0
REACH,1
CREATIVE,2
BOREDOM,1
CIVIC,1
BREAKUP,1
SENSIBLE,1
ORDER,1
SURGE,1
STACKED,1
THICKET,1
WORKMAN,1
SUNSHINE,1
RENT,1
HACK,1
BRIGHT,1
THROTTLE,1
COLLIDE,1
RESEMBLE,1
LIKELY,1
STORY,1
GRADUATE,1
WIRE,1
RESPONSIBLE,1
ZERO,1
SINFULNESS,1
RESORTED,1
PERSISTENT,0
INTERESTING,1
CANCER,1
EQUIPMENT,1
SURFACE,1
LAD,1
DAGGER,1
TRANSPORT,1
INFERIOR,0
WORKWEEK,1
GOVERNANCE,1
BRINGS,1
BLADE,1
MUCH,1
SINGLE,1
PORTION,1
BEAR,1
OLDER,1
STRETCH,1
LURE,1
REFLECT,1
CONTRACT,1
HELPFUL,1
SPECKLE,1
COMPASS,1
EVERYTHING,1
DRAFT,1
FINE,1
MIRACLE,1
REPUTATION,1
PREDATOR,1
LINKED,1
CARPET,1
EDITED,1
LAYER,1
LEGALIZED,1
CAME,1
BLOODSHOT,1
REIN,1
CINEMA,1
UNDERTAKES,1
DEAD,1
DOWNSTREAM,1
TAX,1
ROLL,1
CALCULATION,1
HAIR,1
SHOWS,1
CONTROVERSY,0
INGREDIENT,1
GRIND,1
GEOGRAPHIC,1
PREPARING,1
CONVERSATIONAL,1
RAGING,1
TELEGRAM,1
ANTISOCIAL,1
SECTOR,1
LAND,1
SHALL,1
WARREN,1
FAT,1
MEDICINE,1
PRAISE,1
LUCRATIVE,2
THE,1
PALATE,1
PINE,1
DUE,1
ENTREPRENEUR,1
AIM,1
WINDOW,1
TRIBE,1
SILLY,1
DESERVE,1
LACK,0
TRAINING,1
TOOTH,1
MAYOR,1
CHEATING,1
DISCOVER,1
NAY,1
DROPPED,0
REPLACING,1
SOAR,1
MERGES,1
GARDEN,1
DRUNKEN,1
PLAGUE,1
RAISE,1
DIVIDE,1
REFLECTION,1
COMMERCE,1
POLITICAL,1
SILVER,1
RESUSCITATES,1
SONG,1
SLOPE,1
PECULIAR,1
DUSTED,1
FLAVOUR,1
FRIVOLOUS,0
SPORT,1
TIDAL,1
GRIME,1
SLEEPLESS,1
CROWNING,1
CHARGE,1
PLAID,1
PLAYER,1
SEALING,1
PACKED,1
TELEVISION,1
CARE,1
REFINED,1
MANAGED,1
BEATING,1
PARALLEL,1
IMPOSES,1
BANDWIDTH,1
MEAN,1
CONGESTION,1
COMPETITOR,1
HOUSING,1
NOTHING,1
FAR,1
FOUR,1
SIMPLIFY,1
REGIME,1
LIGHTLY,1
SPELLING,1
IN,1
ULCER,1
SELLER,1
DISABILITY,1
PAIN,1
LOUDER,1
BANDWAGON,1
PATCH,1
IDOLATRY,1
RUINOUS,1
ATOMIC,1
FUNNY,1
STRENGTHEN,2
SPY,1
FINED,0
MELLOW,1
UNFULFILLED,0
BRUTAL,1
DEVASTATING,0
RESULT,1
TRAVELLER,1
BONDAGE,1
APPLE,1
REST,1
FESTIVE,1
INFORMS,1
SLAUGHTERHOUSE,1
EXPORT,1
TWITTER,1
PRESENT,1
WAX,1
WILDLY,1
EXACERBATE,0
BENT,1
CONTINENT,1
EXCEPTIONAL,2
MARINE,1
EASIEST,1
BORROW,1
EXPECT,1
BLOCKING,1
RETAIL,1
STUPID,1
FORMULA,1
BARBARIAN,1
APPROACHING,1
BEER,1
FORGET,1
SPLASHING,1
VACATIONING,1
ROOT,1
SEARCHING,1
EASIER,2
JETS,1
TICKLING,1
ATTACK,1
PARTLY,1
FLEXIBLE,1
CURVING,1
ROCKET,1
CRASH,1
ACQUIRED,1
SMARTPHONE,1
STEP,1
UNREPENTANT,1
SHOP,1
CHILLY,1
RISK,1
WOOLLIEST,1
QUARTERLY,1
MOBILE,1
MOUTH,1
SOFTWARE,1
SUNSET,1
STEAL,1
FLY,1
GOODWILL,1
CITIZEN,1
MILLIONAIRE,1
MANAGING,1
NOT,1
PROHIBITION,1
PULLED,1
DISSECTING,1
ATTRACT,1
DISTANCE,1
UNHAPPY,1
ADDING,1
BATTERED,1
SCRAPED,1
SHIP,1
PRAYER,1
COCKPIT,1
HORROR,1
STALKED,1
VACANCY,1
STAMPEDE,1
SYSTEM,1
DIGITAL,1
BOISTEROUS,1
AT,1
FIRELIGHT,1
MALAISE,1
MOUSE,1
PETROLEUM,1
SCRUTINY,0
SCORE,1
PHONE,1
REVOLVE,1
OBITUARY,1
ADULT,1
SERVICE,1
FOOTING,1
DEPTH,1
LEAK,1
STEADY,1
DRAWBACK,0
CARIES,1
ADVICE,1
MINUS,1
VISION,1
FUNDED,1
FOG,1
CYCLE,1
SHUTTING,0
FIRST,1
ETIQUETTE,1
USHERING,1
ACQUISITION,1
FIGURE,1
GORGE,1
DRIVER,1
EARSHOT,1
CONNECTING,1
BULLETPROOF,1
SHARPLY,0
COLD,1
INVESTOR,1
LOBBYIST,1
NOMINEE,1
ENSNARED,1
NERVE,1
ATTENDANT,1
MARIJUANA,1
LINE,1
DECOUPLING,1
THROW,1
PLAYING,1
CONNECTION,1
INFLUENCE,1
ENCAPSULATED,1
MISUNDERSTANDING,0
PURSUIT,1
ALPHA,1
WINDMILL,1
LOCOMOTION,1
CAMEL,1
DESPITE,2
LACTIC,1
ACCEPTABLE,1
PITCHFORK,1
BECOMES,1
AFFECT,1
PRECIOUS,1
STRIKE,1
PSYCHOLOGY,1
MATCH,1
BEAMING,1
SOLDIER,1
OPEN,1
DIPLOMAT,1
SATELLITES,1
EN,1
MIND,1
DOUBLE,1
PACIFIC,1
SKILLED,1
UPDATE,1
FULL,1
DRAGON,1
ROSEWOOD,1
TOLD,1
UNION,1
SHOW,1
GRENADIER,1
STALE,1
LONG,1
MAIN,1
ENDURING,1
TOLL,1
TRAVEL,1
EXHAUSTIVE,1
PRINT,1
DEBT,1
CAPTURE,1
JOINING,1
QUICK,1
FEVER,1
SPEEDILY,1
EXCEPTION,1
INDEX,1
SCAR,1
CASTLE,1
HANDSHAKE,1
MERGER,1
PENGUIN,1
RACKETEERING,0
HARASSMENT,0
INCREASINGLY,1
BEAT,1
BAUXITE,1
FEED,1
HO,1
MENU,1
HEADHUNTER,1
LEGISLATION,1
SCARCE,1
REVENGE,1
HANDED,1
STRICTEST,1
REPEAT,1
EQUATION,1
BORN,1
SMOOTH,2
STEAM,1
HILL,1
FAULTY,0
UNEQUAL,1
ANAEMIC,1
ONSLAUGHT,1
FRUIT,1
GLOBAL,1
RANGED,1
FIRING,0
SIMPLE,1
THINKING,1
SLOW,0
SPREADING,1
FIST,1
TENDER,1
KEEN,1
COURTROOM,1
INCREASE,1
WEAPON,1
HIDDEN,1
LOCAL,1
MUMMY,1
DYNAMIC,1
SIMILAR,1
TOMORROW,1
BRIBERY,0
MURDER,1
OVERLYING,1
INVOLVED,1
GLORY,1
WELFARE,1
STREAM,1
INSECURITY,1
PROFITABLE,2
SUITE,1
CONTINUES,1
CONTROL,1
TEETOTALER,1
CART,1
MANAGERIAL,1
TRIPPED,1
SUBSCRIBER,1
SHOE,1
TURBOCHARGED,1
DIVIDEND,1
LOOTERS,1
LEARNED,1
INVENTING,2
REVIEW,1
BOILING,1
PAINKILLER,1
ANTICIPATED,1
TABLE,1
MAIL,1
BAY,1
FATIGUE,1
LOGGERHEAD,1
ERUPTION,1
DRY,1
WRITING,1
NECK,1
CHIPMAKERS,1
SIDE,1
DULY,1
LAW,1
DITCH,1
CAUSE,1
SPENDS,1
GRAFT,1
COMPLAIN,0
PASSPORT,1
HOSPITALITY,1
BASKET,1
ROAD,1
COMMITMENT,1
FIERCE,1
FULLING,1
REVIVE,1
OUTSIDE,1
CASH,1
FURIOUSLY,1
WHIRL,1
PARENT,1
ONCE,1
POSSESSING,1
PA,1
DECENCY,1
SHOCK,1
TAKING,1
ENERGETIC,1
SLACK,1
ORPHAN,1
FUND,1
SHOULDER,1
SITUATION,1
PROFIT,1
GATHERING,1
SUN,1
WISER,1
REVENUE,1
DREAMING,1
PLATE,1
HURTING,0
WINDING,1
VARYING,1
UNLIKELY,1
RECURRING,1
OLIGARCH,1
INTEREST,1
STROKE,1
IMPROVING,2
STEALTH,1
REDOUBT,1
DETAIL,1
RUNNER,1
ANIMATION,1
BASED,1
MUST,1
STICKING,1
LABIA,1
AUDITORY,1
STOOP,1
ECOSYSTEM,1
ATTEMPTED,1
SUITABLE,1
ARMED,1
STITCH,1
BEGINNING,1
DELIVERY,1
PONDEROUS,1
ELECTING,1
VISIBLE,1
BENEFICIARY,1
HEADED,1
LEADER,1
THREAT,0
PROSPECT,1
WASHED,1
TRIUMPH,1
STRUCTURAL,1
BADGE,1
CAMPING,1
FABLE,1
NORMAL,1
COCK,1
RAINY,1
BOTTLENECK,0
ADAPTING,1
CONVENIENT,1
INVESTING,1
DRAG,0
VACCINE,1
CONTINUED,1
TERRAIN,1
ATE,1
MACHINE,1
CRITIC,1
TOUGH,1
VEHICLE,1
BARON,1
IGNORED,0
AWAITING,1
EXPLOSIVE,1
BLEEDING,1
WARRANTED,1
PARTING,1
MANUFACTURER,1
PLAUSIBLE,1
SHADOW,1
MARE,1
BRAKE,1
STEPPING,1
EFFICIENTLY,2
LAUGHING,1
FLAT,1
LAUNCHING,1
BURYING,1
FAMILY,1
INWARD,1
VIEW,1
HANGING,1
TRANSIT,1
SOBBING,1
GULP,1
BAGGAGE,1
DAILY,1
BREED,1
BROADCASTER,1
ANNOUNCES,1
PATRIOTIC,1
STAMP,1
FLANK,1
WORKFORCE,1
INSOLENCE,1
SWAMP,1
BRACE,1
SMELL,1
CANCELLATION,0
PITY,1
FASTENED,1
ROOFTOP,1
FEARING,1
FOOTBALL,1
AVOCADO,1
TUMULTUOUS,1
PLANNING,1
COLLECTIVE,1
SAWING,1
FLOP,1
AD,1
TOURISM,1
OVERCHARGE,0
QUANTITY,1
SHRINK,1
IMMUNITY,1
CORROSIVE,1
THOU,1
GODLY,1
STAYING,1
REGAIN,2
VEIN,1
TYCOONS,1
KEEP,1
VISIT,1
BEHAVIOUR,1
MAJOR,1
LOST,0
PORTRAIT,1
PRICELESS,1
DYSFUNCTIONAL,0
OBLIGED,1
FOREIGNER,1
AWARD,1
COTTON,1
CHAFF,1
INTANGIBLE,1
CONTEMPLATE,1
NEWSPRINT,1
METHOD,1
SEIZE,0
UPGRADE,1
THEM,1
LONELY,1
FORMER,1
SAFER,1
FIRMLY,1
ACADEMIC,1
THAWING,1
HAD,1
EVENTUALLY,1
CHEEK,1
HAWKER,1
MANAGER,1
SCOW,1
RIVER,1
EARTH,1
LOCKDOWN,1
OLD,1
ACCIDENT,0
TAXI,1
COPPER,1
TRUCE,1
OPTION,1
HYDROCARBON,1
BURNING,1
FASHION,1
YE,1
TIC,1
PENDING,1
ARGUMENT,0
HUMMING,1
INVENTION,2
TEN,1
SOFTLY,1
VIE,1
CAUTIOUS,1
HALL,1
SPEED,1
PROPITIOUS,1
POWDER,1
MINER,1
LOT,1
WRINKLE,1
BAIT,1
FOUND,1
CAPTURED,1
MATTER,1
CUB,1
VALLEY,1
DREAMED,1
BOUNCEBACK,1
BUST,1
SLOT,1
HAUL,1
ELEPHANT,1
EQUALITY,1
SPLINTERED,1
HAPPINESS,2
CHEAPNESS,1
DIRECT,1
PLANNED,1
WINTER,1
ENTERPRISING,1
CHOKING,1
PRESERVE,1
KISS,1
EMOTION,1
EXPLORING,1
ATMOSPHERE,1
MARQUIS,1
DEMAND,1
UNTO,1
PROCUREMENT,1
MIRROR,1
BIOSIMILAR,1
SCREEN,1
SOAP,1
REGISTERED,1
CORRESPONDENT,1
OFFSPRING,1
MONOPOLY,0
CORONAVIRUS,1
GUIDE,1
FLIGHT,1
CLOSET,1
GAZED,1
REVOLUTIONARY,1
ENOUGH,1
REWARD,2
VIRUS,1
SHED,1
INSANELY,1
WHISTLEBLOWER,1
HEAVEN,1
YES,1
LASTING,1
HANDLE,1
DESCENT,1
ISLAND,1
STONY,1
LUMP,1
SEEMS,1
BONES,1
RUDELY,1
ADVOCATING,1
RETURNED,1
ROBBER,1
DRINK,1
CENTRAL,1
PAYMENT,1
ANSWER,1
REVISION,1
WOUNDED,1
TRYING,1
BRIEFLY,1
LEAF,1
MAINTAINING,1
GLOSSY,1
DECK,1
REVEALS,1
DUKE,1
HOOKED,1
INVEST,1
DIVERSIFICATION,1
PROTOTYPE,1
RESOLUTION,1
ENLIGHTENED,1
FINANCIAL,1
BLOCKBUSTER,1
RESIGNING,0
PLAINLY,1
LIT,1
DIVERTING,0
SPARK,1
MASS,1
HARM,0
FEELING,1
CELL,1
DEPENDS,1
LUCKY,1
FEEDING,1
GREY,1
HOARD,1
PRECIPICE,1
LUNCH,1
SOUTHERN,1
GEOPOLITICS,1
DELIVERS,1
THOUGHT,1
CASUALTY,1
SPLASH,1
BLIZZARD,1
CAREER,1
RESIDENT,1
REVOLUTION,1
AUDACIOUS,1
ROCK,1
STRAIT,1
DISGRUNTLED,1
MANIA,1
MISSING,1
SPECIFY,1
WITHERING,1
BUFFETS,1
DOWN,1
LEISURE,1
SEIZES,0
BREAKDOWN,0
GREEN,1
GAMBLER,1
PRODUCTIVITY,1
TEAM,1
BLEAK,1
SELECT,1
MAYBE,1
MULTINATIONALS,1
GROCERY,1
BELONG,1
BRIDGE,1
DOCTRINE,1
GIFT,1
HORNY,1
TAR,1
EPIDEMIC,1
TARIFF,1
TRANSLATION,1
COLLABORATION,2
BANKRUPTCY,0
YOUR,1
BLOCKCHAINS,1
SCANDAL,1
ABOLISHING,0
TIGHTEN,1
DYNASTIES,1
TRACK,1
TRILLING,1
GAS,1
TRIAL,1
CHAMBER,1
FEDERAL,1
AWAY,1
FIRE,1
PROFITING,1
BECOMING,1
SORT,1
CLOSURE,0
WRECKER,1
SOCIALLY,1
FOLLOWER,1
FLOATED,1
LAUNCH,1
POSTCARD,1
SEND,1
SENIOR,1
PLAYGROUND,1
OVERWORK,1
RAGE,1
FLEE,1
TRIP,1
CITY,1
BOON,1
PHOENIX,1
EMPLOYMENT,1
KNOWN,1
SUPPORT,1
INTRODUCING,1
GROCER,1
AFLOAT,1
PROBLEM,0
ENTRY,1
CLUBHOUSE,1
GARAGE,1
DRIVING,1
HANDFUL,1
KEEPING,1
UNCHANGED,1
MONARCH,1
CONVENIENCE,1
CRASHING,1
TRADE,1
WEB,1
LOTTERY,1
CAP,1
STEIN,1
FRAY,1
BUILDING,1
EVERY,1
PUFFED,1
STATISTICAL,1
MESSAGE,1
STATESMANSHIP,1
CLUB,1
YOUNGSTER,1
CLOSE,1
RANGER,1
PERSONALITY,1
ARRIVE,1
PEPPER,1
HANG,1
DECREE,1
OFFICIAL,1
OPTIMISM,1
LEARN,1
HERALD,1
BEDFELLOW,1
BOGEYMAN,1
RAN,1
NOON,1
BALANCE,1
UNOFFICIAL,1
LEVY,1
FAILING,0
SHEDDING,1
DRESSER,1
IMPORTANT,1
ELDERLY,1
START,1
ROGER,1
SCRAPING,1
VIVA,1
CHEERFUL,1
TEACH,1
LITERARY,1
BLIND,1
GAIN,2
STEEL,1
SEVENTH,1
NATION,1
BONUS,1
GILDED,1
WORST,0
CUTTER,1
QUESTION,0
SHOPPING,1
TEPID,1
DRAMA,1
HEED,1
GOLD,1
TRADITIONAL,1
POISON,1
LANDLORD,1
SURVIVES,1
ACTION,1
OTHERS,1
RETAKEN,1
FORCE,1
SHARING,1
PERIL,0
SIMPLER,1
TRIVIAL,1
COVENANT,1
ROBE,1
MISCONDUCT,0
ROUNDABOUT,1
NOSE,1
FELLOW,1
WORKPLACE,1
UNCOVER,0
DECISION,1
STUDIO,1
TONE,1
PERFORM,1
INTELLECTUAL,1
TIGER,1
OPERATED,1
SUFFER,0
DEFEATED,0
INTRIGUING,1
GRAB,1
SOMETHING,1
TESTED,1
PARTY,1
CONTENDED,0
TWO,1
GRIPPED,1
SNATCH,1
DUOPOLIES,1
RECEIVING,1
LIFETIME,1
MERRY,1
TAILOR,1
CLOT,1
RAIN,1
DOG,1
STRONG,2
HEART,1
TRIPLE,1
SCARCITY,1
AMP,1
DAWN,1
PASSENGER,1
KIT,1
FINISHING,1
LOWERING,1
DRAGGED,1
WELCOME,1
RECEIVABLE,1
WARS,1
INDEPENDENCE,1
WADDLING,1
HALO,1
WANTED,1
PERFECTLY,2
EMERGED,1
HOUSE,1
EMPORIUM,1
TALK,1
POPULISM,1
GIANT,1
SITTING,1
ROYAL,1
WOKE,1
HOW,1
AVERTED,1
ANNIVERSARY,1
DISTENDING,1
VAGUE,1
GOT,1
HITTING,1
CLIMATE,1
CLEVERLY,1
PARALYSIS,1
ELEVATOR,1
CONFERENCE,1
JUICE,1
HELL,1
PICK,1
RULING,1
AUTHORITY,1
THUMB,1
MASH,1
KINGS,1
WAGE,1
SOMEONE,1
TENDS,1
CHIEF,1
GLIMPSE,1
CHIN,1
RID,1
DROWSY,1
CONFORMITY,1
DRIVEN,1
COLLECTING,1
TROUBLED,0
LAZINESS,1
INVENT,2
PUSH,1
RATTLE,1
MINOR,1
ALGORITHM,1
BEAUTY,1
ALPHABET,1
FOREST,1
WORRYING,0
PRUDENCE,1
AUCTION,1
SLASH,1
BULLET,1
PRESIDENT,1
DISRUPTING,0
INITIAL,1
PROTEST,0
RARER,1
SNUB,1
SALARY,1
PATROL,1
WORKER,1
CROSS,1
AVOIDING,1
TRANSFORM,1
DEPARTURE,1
PREFER,1
FOUL,1
PRICK,1
RATHER,1
AWAIT,1
STRUCTURE,1
BALLERINA,1
BUCKLE,1
TORPEDO,1
RATE,1
APPROVAL,1
LODGE,1
SPEND,1
CABIN,1
FLURRY,1
BIGGER,1
STRONGER,2
SHAKEDOWN,1
WEEK,1
DILUTED,1
FILL,1
PRICKING,1
INTERNSHIP,1
EAST,1
HARDLY,1
MAGNIFICENT,1
CELLAR,1
CHANNEL,1
MARRIAGE,1
FAITH,1
WOMAN,1
LATE,1
MILLENNIALS,1
VIRTUALLY,1
SIXTH,1
SHAPE,1
PORTFOLIO,1
CELEBRATING,1
SITS,1
USER,1
CROP,1
ALLEGED,0
NARROWLY,1
ONWARDS,1
SWING,1
THUNDER,1
RAPID,1
EXPENSIVE,1
RINGING,1
COMPLAINT,0
DELIVERANCE,1
RAID,1
WANING,1
MAGNOLIA,1
CONCENTRATION,1
COMBUSTION,1
COSMETIC,1
CREATOR,1
SPONSORS,1
LISTED,1
GROVE,1
FORGE,1
INEQUITABLE,0
ATTRACTING,1
CHARGING,1
HUMAN,1
KIDNAPPED,1
PURGE,1
DISRUPTION,0
FATTEST,1
CATEGORY,1
CLOUDED,1
TARGET,1
PUNISHING,0
TOGETHERNESS,1
CHIPS,1
THIRD,1
UNCERTAINTY,1
BENEFIT,1
ECONOMICS,1
PAYDAY,1
CHILL,1
POINT,1
UP,1
TRIBUNE,1
HALT,0
CONSIDERED,1
SEXUAL,1
EXECUTIVE,1
LET,1
PRIVATE,1
GRAFTING,1
FIXING,1
BUREAUCRATIC,1
GRIP,1
SURPRISINGLY,1
CONSOLIDATING,1
ENDANGERED,0
LIFE,1
QUIET,1
ENTER,1
INN,1
DEFENCE,1
HAPPEN,1
DECAYING,1
FISSION,1
THAN,1
BITTEREST,1
THIS,1
PHYSICAL,1
REUNITE,1
BRAVE,1
WALL,1
FRAGILE,1
HUNDRED,1
TWILIGHT,1
ENSURE,1
PLUGGING,1
HYPERBOLE,1
LOYALTY,1
PET,1
TAVERNS,1
DOING,1
COPYRIGHT,1
SUMMER,1
HIGHER,1
COAL,1
ADVERSITY,0
RAM,1
ESPIONAGE,1
TORTILLA,1
COLUMN,1
EQUITY,1
SPECTRUM,1
PAYMASTER,1
UNDERSELL,1
METAMORPHOSIS,1
CAUSING,1
CONGRESS,1
TETANUS,1
BOX,1
SKI,1
LENDS,1
SMALLER,1
ADVENT,1
SCRIPT,1
WAIT,1
LIVELINESS,1
BLACKBERRY,1
PRINTER,1
THAW,1
EMULATED,1
QUELLED,1
RULED,1
ARCHITECT,1
LANDSCAPE,1
ASCENDING,1
SWEAT,1
APPRAISING,1
EMERGING,1
WAITING,1
RICKETS,1
STORAGE,1
CURTAIN,1
DAMAGING,0
DISCONNECTED,1
EXCEED,1
VEIL,1
PROVE,1
SURVEY,1
CLIFF,1
CATALOGUE,1
SWEETENED,1
NEATLY,1
FULLY,1
DAMAGE,0
SON,1
TRILL,1
PREVENTION,0
MERCY,1
COSTLY,0
WORLD,1
THRONE,1
PSYCHEDELICS,1
TUBE,1
DISRUPTED,0
CHAT,1
RANSOM,1
CREDITOR,1
LENT,1
EXPLORER,1
SPECIALIST,1
PEER,1
GIRD,1
SKYSCRAPER,1
CHEQUE,1
DOT,1
MISSED,0
FUTILE,1
RAISED,1
WHITE,1
PEACE,1
MOBILITY,1
GOLDEN,1
BANE,1
COVERING,1
DEBUT,1
ALTER,1
CREAKING,1
RETAINERS,1
POLITICIAN,1
EVENT,1
ADORE,1
SUNDECKS,1
UNVEILS,1
BOMB,1
TEAR,1
THRIVING,1
SANG,1
POSTPONED,0
TRUNKS,1
WORRIED,1
STEELY,1
SOFTER,1
RESTAURANT,1
CLAIM,1
DUMP,1
DERRICK,1
CARBON,1
SURGING,1
NEURON,1
ADVENTURE,1
ERROR,0
AGRICULTURAL,1
STEER,1
SUPER,1
APPEAR,1
TUTOR,1
FINANCE,1
JURY,1
SAFE,1
CHRONIC,1
MAGNA,1
ALLY,1
AWAKENING,1
TORTURING,1
PORTAL,1
EMPEROR,1
COVERT,1
GREW,1
HYDROGEN,1
CULTURAL,1
EMAIL,1
DELEGATION,1
PERMEATION,1
RETIRING,1
MUSIC,1
STRUGGLED,1
DEEPER,1
DENYING,0
EDUCATED,1
ADVANCE,1
NARRATIVE,1
MEASURING,1
SHAKEOUT,1
STRATEGIC,1
SAGE,1
RECOVER,1
LOOSENING,1
SIGHT,1
HABIT,1
PUBLIC,1
UNWELL,1
STOOPING,1
THOSE,1
CHARACTERISTIC,1
MIGHT,1
CARD,1
JOURNEY,1
COACH,1
FAN,1
RICH,1
HAPPENS,1
STANDARD,1
ARMADA,1
AUSPICIOUSLY,1
SCREWDRIVER,1
UNDERESTIMATING,0
SURPRISE,1
BACK,1
SAUCER,1
PLUMMETING,1
BACKWARDS,1
HAPPY,2
VANTAGE,1
PIECE,1
ESTABLISHMENT,1
SPARKLE,1
DAMN,1
AGILE,1
INCUMBENT,1
GATE,1
INFLUX,1
POPULARITY,2
UNWITTINGLY,1
CAPTAIN,1
MILITARY,1
PROTECT,1
CREDIT,1
TACTIC,1
PERPETUATE,1
LODGED,1
STAY,1
HEARD,1
TEENAGE,1
ANGLING,1
FOREIGN,1
LISTENS,1
RIDER,1
RECENT,1
POUTING,1
COLLEGE,1
GANGBUSTERS,1
LINGO,1
OVERRULED,1
STAR,1
COIN,1
AUDIT,1
BREAD,1
NEUTRALITY,1
GRACE,1
CAUCUS,1
WING,1
DEMOLISHED,0
MIGHTY,1
PRESSING,0
EYEBALL,1
LIFESTYLE,1
OUTSIDERS,1
CATCH,1
SINCE,1
PROBE,1
EATEN,1
SOLD,1
KING,1
EVOLUTION,1
WADING,1
LARGEST,1
GRAPE,1
RIGGING,1
PRESSURE,1
RESISTANCE,1
PREDICT,1
SWEPT,1
PLANT,1
ADVANCING,2
DELICATE,1
GETTING,1
UNITED,1
DISARRAY,1
PIRATE,1
FLIRTATIOUS,1
CAPACITY,1
REAR,1
ANTITRUST,0
DRONE,1
HIGHLIGHT,1
REALLY,1
WURST,1
HERO,1
HUNGRY,1
BY,1
LIFTING,1
DAM,1
BOTTLE,1
HEADS,1
MA,1
EXPRESS,1
BABE,1
LOVE,1
TALENT,1
COST,1
MOVING,1
HONEST,1
INSIGHT,1
VANADIUM,1
AISLE,1
POLL,1
LIBERATION,1
FREELANCE,1
REQUIRED,1
RETRO,1
MAGNET,1
LUST,1
FATHER,1
TESTING,1
SERIES,1
BLACK,1
DRAINING,1
KILLED,1
TUNE,1
SUCCEEDING,2
TALKING,1
BUILD,1
METHODOLOGY,1
MADE,1
HUNGER,1
PROTEIN,1
WELL,1
HARDWARE,1
WALLET,1
SECOND,1
ELSE,1
DRUG,1
BONANZA,1
MOTLEY,1
BEGAN,1
WARRING,1
COURT,1
OAT,1
PRIVACY,1
PEAKED,1
GESTURE,1
ANGEL,1
LUXURY,1
SPOON,1
CAMP,1
FASHIONABLY,1
TECHNICAL,1
WRITES,1
JOURNALIST,1
CONVERGING,1
PRESAGE,1
JUDGING,1
SMELLED,1
AUDIENCE,1
GOOSE,1
BOUGH,1
ELECTRONICS,1
OF,1
CLEAN,1
DEPLOYING,1
ANXIETY,1
CAN,1
IMPEDE,0
STATE,1
MANNED,1
OMNIPOTENCE,1
DISMEMBERING,1
DIG,1
COMPANY,1
SURGERY,1
NUCLEAR,1
WINNING,2
CHARMED,1
EVIL,1
CABLE,1
AX,1
APOCALYPSE,1
TELLING,1
LEANED,1
RELUCTANT,0
DATING,1
SETTLE,1
SUBMITS,1
APEX,1
RIFE,1
HARSH,0
COLLISION,0
SINK,1
UNPLEASANT,1
FRONTIER,1
JAIL,1
TUT,1
SINKING,1
POKING,1
HALFWAY,1
PARK,1
AFGHAN,1
MIX,1
ANNOYING,0
MOUNTAIN,1
RANCOR,1
SERF,1
MYSTIQUE,1
COMPLICATED,0
DRAMATIC,1
MATRON,1
PAGE,1
INTEGRATED,1
REMEMBERING,1
PLACED,1
SOLO,1
STRENGTH,2
FLESH,1
PROPOSED,1
SHARP,1
DRILLING,1
COOKBOOK,1
OBSCURE,1
EXAMINES,1
ROARING,1
EMOTIONAL,1
BAFFLING,1
SPEECH,1
WORLDWIDE,1
MOZZARELLA,1
OCEAN,1
DIVERSE,1
BANKER,1
REDEEMED,1
AGGRESSIVE,1
SEEING,1
SIGNALLED,1
STUFFED,1
ORDERED,1
AGREES,1
REMAINS,1
PAPAL,1
MEANWHILE,1
THRUST,1
RETREAT,1
SUCCESS,2
BATISTE,1
GROUND,1
CLING,1
DIVISION,1
BEND,1
ESCAPE,1
OFF,1
TERMINAL,1
BATTLE,1
HOTHOUSE,1
EMPIRICAL,1
LION,1
PROBABLY,1
BEGIN,1
ALIVE,1
SERVED,1
SHUNNED,1
REVERSE,1
ALINE,1
FAVOUR,1
DRAMAS,1
DIFFERENCE,1
SHORTCUT,1
DEEP,1
MEAT,1
POST,1
VICE,1
JUDGE,1
PILE,1
DISMAYED,1
SIR,1
AUTOMOBILE,1
FORWARD,1
KNOWING,1
CONTRITION,1
CIRCLE,1
FLEEING,1
SUSPECT,0
PLATFORM,1
PLANTATION,1
ANYTHING,1
SUPERCHARGES,1
WORSTED,1
COMFORT,1
SAW,1
MANOEUVRE,1
STEALTHILY,1
HOUSES,1
SUPPRESSED,1
COMPLACENCY,1
BUSINESSMAN,1
CLOSER,1
ALTAR,1
AGO,1
KNOTTY,1
INTENSE,1
REACTOR,1
IRE,1
MAKER,1
SCHEME,1
SETTING,1
INSPIRING,1
CLAMBERED,1
ADVANTAGE,2
DINNER,1
INTER,1
CONTAINING,1
PROFITABILITY,2
SPRAWLING,1
WIDOWER,1
PATERNALISM,1
CRYSTAL,1
DRESS,1
AUSTERITY,1
STICKY,1
INNER,1
FRUGAL,1
TROUBLE,0
FOOL,1
NEEDED,1
VAST,1
SPOTLIGHT,1
MISSIONARY,1
FLUTTER,1
FURLOUGH,1
FOUNDATION,1
SHOOT,1
RUMBLE,1
KNEE,1
ROLE,1
SLIM,1
ASSET,1
SENT,1
SAILOR,1
FLOTILLA,1
ERECT,1
DOWNWARDS,0
RED,1
PARROT,1
TRUST,1
MULTIPLY,1
ADVERTISEMENT,1
LOOK,1
MENTHOL,1
MURKY,1
STATEMENT,1
ANIMAL,1
WARD,1
LINING,1
DETOUR,1
SPANNED,1
FLEET,1
FLIRT,1
BODY,1
LIQUEFACTION,1
TEXTBOOK,1
JAILBIRD,1
MIDDLE,1
IMPROPRIETY,0
SPEAK,1
NEW,1
VYING,1
PERSONALLY,1
UNPACKING,1
FUSE,1
BLOODY,1
CHILD,1
ON,1
DEMON,1
MORAL,1
ROADBLOCK,1
NOBLE,1
UPWARD,1
FORGED,1
CHEMURGY,1
CRISIS,0
CONQUER,1
LITIGATION,0
FIFTH,1
FERTILITY,1
SPLUTTERING,1
WERE,1
TORTURED,1
DISCRIMINATE,1
ACHIEVEMENT,2
HEIGHT,1
OUTBACK,1
RACE,1
JOY,1
PIZZAZZ,1
BLESS,1
BOASTING,1
WORSE,0
BATTLED,1
TRUSTING,1
PETER,1
ELUSIVE,1
SUDDEN,1
FEAR,0
WATCHING,1
CORRECTION,0
DANISH,1
STAFF,1
BOOST,2
ANSWERING,1
SAVE,1
BUTTERFLY,1
REMARK,1
CREATIVITY,2
STURDY,1
BOUNDARY,1
BRANDING,1
ENTREPRENEURSHIP,1
NEVER,1
MEDIAL,1
AUTOMATIC,1
IDEAS,1
RECONFIGURE,1
CLOSED,1
OR,1
RESPONDS,1
BLOWN,1
SUSPICION,0
OUTLOOK,1
ADVERTISED,1
WORK,1
FAMILIAR,1
RESOLVE,2
VERIFIED,1
SEVERAL,1
BILLION,1
GIRL,1
DISPLAY,1
MUDDLE,1
CULTURE,1
INFLUENCING,1
LEOPARD,1
ALONG,1
VERSE,1
PONDER,1
RITUAL,1
WATCHDOG,1
ABSCESS,1
INTERVIEWS,1
AUNT,1
GHOST,1
MONKEY,1
AILING,1
SUITS,1
DISTRIBUTOR,1
EVERYONE,1
HUGGING,1
CHRONICLE,1
APPLIED,1
DISMANTLED,1
COCOA,1
VIRTUOUS,1
WE,1
PLUME,1
AIMING,1
DIFFERENT,1
SUBURB,1
BRING,1
GIDDY,1
NASCENT,1
COSTING,1
CONTINENTAL,1
SWAY,1
BANG,1
FORMERLY,1
FLOWER,1
LIMB,1
CONQUEROR,1
TRANSFORMED,1
TREAT,1
HATING,1
POUR,1
QUARTER,1
POSITION,1
WARNING,0
COAT,1
AMAZON,1
INTRIGUE,1
OUT,1
SAMURAI,1
COMPUTER,1
SQUIRE,1
IMMUNOTHERAPY,1
CAPTIVE,1
JOLLY,1
FLUSHED,1
SUCKING,1
BAD,0
TRAMP,1
ALIEN,1
BAZAAR,1
THRIFTY,1
LIST,1
NAVIGABLE,1
SUCKED,1
DISCRIMINATION,1
CAST,1
STRUGGLING,1
ALP,1
PINCH,1
SWOON,1
INTROVERTS,1
SQUEEZED,1
CRAWL,1
PIG,1
POORER,1
PILL,1
AFTERMATH,0
ARREST,0
SPAT,1
HEAVY,1
COMMENCES,1
THESIS,1
MUD,1
FRONT,1
ABROAD,1
RUBBER,1
FALSIFYING,0
ENGINEERING,1
LIKE,1
SERIOUSLY,0
TEARING,1
DISH,1
EXPERIMENT,1
ICE,1
LETTER,1
EASTWARD,1
ACCUSATION,0
ROMAN,1
SMALL,1
BLINDED,1
JUDGMENT,1
NAMES,1
DISGRACED,1
CORRESPONDENCE,1
CRUDE,1
RIDDEN,1
CLASS,1
BRAZEN,1
MASSIVE,1
BETTING,1
PREMIER,2
HEEL,1
POTENTIAL,1
VARNISH,1
DECLINE,0
CHASE,1
CALL,1
PLOT,1
TERROR,1
TRANSFORMATION,1
URBAN,1
BRICK,1
CAUGHT,1
HANDOUT,1
SAND,1
OVOID,1
GROWER,1
JACK,1
FORGOTTEN,1
ECLIPSED,1
FACTORIES,1
RAPPED,1
DEAR,1
BIOTECHNOLOGY,1
PREMIUM,1
TOSS,1
CATASTROPHE,0
AIR,1
BID,1
DIE,1
HEADACHE,1
DO,1
DESIRE,1
RETIREMENT,1
OVERCOME,0
FIREWALL,1
HINGE,1
BEGUN,1
INTERNAL,1
AWARDS,1
INEQUALITY,1
PUBLISHING,1
BURN,1
BANKS,1
SUPERVISE,1
RUSTY,1
STEELMAKING,1
TRANSCRIBE,1
BREWERY,1
TWIN,1
EXPANSION,1
QUAGMIRE,1
MOMENT,1
DUTY,1
WATERED,1
HOTTEST,1
OFFERING,1
PERIOD,1
CUCKOLD,1
ROAMING,1
SUGGESTS,1
ENTERED,1
RESIDENCE,1
STAGNATION,0
MORALE,1
NEWEST,1
REINVIGORATED,1
ANYWHERE,1
FRAILTY,1
TRUSTED,1
CLIMBING,1
BELL,1
SEED,1
LEASE,1
CHEESE,1
THIEF,1
THUNDERING,1
MAGICIAN,1
REAPING,1
SEEKING,1
SUBSIDIES,1
RECALCITRANT,1
RELIGION,1
BAILIFF,1
TECHNOLOGICAL,1
OVERDUE,0
HAMMER,1
IDEAL,2
BANNER,1
ISM,1
GASP,1
PRIDING,1
GUILTY,0
COMPETITIVE,1
FAD,1
PLAY,1
PEANUT,1
SOCIETY,1
OVERBURDENED,0
CLAIMS,0
COUNTRY,1
LARGE,1
PRAY,1
SUITCASE,1
CLEVER,1
SAPPY,1
UNDERTAKING,1
KNOT,1
RESISTS,1
GREED,1
WEAVING,1
RECALL,0
DEFECT,0
RASH,1
DISMAL,0
COULD,1
REASON,1
PERFECTING,1
OVERCOMING,0
LEGACY,1
SUPERHEROES,1
HOUR,1
KICKING,1
BUY,1
EXTRAVAGANT,1
STICK,1
JOURNALISM,1
TOOL,1
NIBBLED,1
CEREBRAL,1
FEMUR,1
FOREIGNERS,1
CLOUDY,1
ALLIANCE,2
RELIEVE,1
KNITTING,1
OUTPERFORMANCE,1
FOAM,1
SLOWLY,0
KEEPER,1
TEACHER,1
LYING,0
FRUSTRATINGLY,0
MORE,1
ASCENT,1
ABSENCE,0
CHARTERED,1
EFFECTIVE,1
SUPERMARKET,1
SO,1
SEPARATE,1
RUE,1
BENEFICIAL,1
DISCORD,1
FASTEN,1
ACCORD,1
SERVER,1
RIVAL,1
PEAK,1
NEWSPAPERS,1
LOW,1
ARMY,1
NEAR,1
PAINFUL,1
REFERENCE,1
OCTOGENARIAN,1
TREAD,1
CONGLOMERATE,1
PATIENTLY,1
BRIBES,0
PEOPLE,1
NEWSPAPER,1
QUESTIONABLE,0
TEMPTING,1
SOARING,1
OVERHAULING,1
FINALLY,1
CANAL,1
TICKET,1
TAKE,1
ALLUDE,1
VISIONARY,1
SCEPTIC,1
TAXING,1
CLUMSY,1
WEIGHING,1
CHECKED,1
SPOT,1
BRUISE,1
CARRIED,1
CONSIDERS,1
DON,1
BUYER,1
UNSUCCESSFUL,0
GANG,1
IMPENETRABLE,1
MILL,1
CONVOLUTED,1
PUTTING,1
CORRALLING,1
ILLUSTRIOUS,1
ACADEMY,1
FORAY,1
CERTAIN,1
STORING,1
EBB,1
FALLING,1
PLUNGE,1
TAKEAWAY,1
MANNER,1
SKIN,1
GIVE,1
DULL,1
TROUBLING,1
RESTRICTION,1
LAST,1
BURSTING,1
COLONY,1
DISTRESS,0
CHALLENGE,0
ADDITION,1
WANT,1
LIQUEFIED,1
DOCK,1
SEAS,1
RUNAWAY,1
MARTYR,1
SILICON,1
SPEAKING,1
FACTORY,1
COMPELLING,1
DRILLED,1
GUINEA,1
MEDIUM,1
ARM,1
PHARMACEUTICAL,1
MARCH,1
SAID,1
MANAGES,1
COAST,1
UNKNOWN,1
HEATED,1
THEREFORE,1
PROPAGANDA,1
FAIR,1
TAILING,1
BOY,1
COMBINE,1
AMBITIOUS,1
COUNT,1
BROADCASTING,1
BOUTS,1
SHALE,1
INFRASTRUCTURE,1
IRON,1
BLOATED,1
AEROSPACE,1
HURRY,1
MADLY,1
LINK,1
CATWALK,1
HOSTESS,1
ACCORDING,1
DELAYED,0
TRAGEDY,0
TAPER,1
RENAISSANCE,1
TANK,1
STRIKER,1
CLOSING,1
SOUL,1
FORTY,1
SEEKER,1
HOSTILITY,0
CROWDED,1
LIQUID,1
CLEANEST,1
TROLLEY,1
OUTLIVE,1
USE,1
USHER,1
COURSE,1
CATACLYSM,1
LOOKED,1
ADVANCED,1
DOLDRUMS,1
MINING,1
TYCOON,1
ROVER,1
SENATE,1
AMONG,1
DISCOUNTER,1
SCOOP,1
HOLIDAY,1
PERSONAL,1
READING,1
VALE,1
FOUNDING,1
BUYING,1
MIGRATION,1
ALLOCATION,1
BLOTCH,1
GRAND,1
PURSUE,1
SIX,1
UNIVERSE,1
SUBTLE,1
STRUGGLE,1
BLAST,1
PROGNOSTICATION,1
FRONTLINE,1
DEFIANCE,1
ANNUAL,1
ROCKING,1
PATRIARCH,1
AGONY,1
EXPECTED,1
BOARD,1
VERDICT,0
POCKET,1
FLUSTERED,1
UNIT,1
ATTITUDE,1
KIDNEY,1
MOVE,1
BIGGEST,1
MAGICAL,1
ALSO,1
MODE,1
VOICE,1
EXPERT,1
REPELLING,1
QUARREL,1
SNEERING,1
WONDER,1
ITEM,1
APOLOGY,1
IMPORT,1
ADIEU,1
CLUSTER,1
NUTS,1
PRICE,1
DASH,1
TOBACCO,1
CHANGED,1
AIRLINE,1
BROKE,1
SHAREHOLDER,1
FLOURISHING,1
ANTIBIOTIC,1
SUCCUMBS,1
POUCH,1
SUNSTROKE,1
MUNCHING,1
ECONOMY,1
BONE,1
ABOARD,1
OUTSOURCING,1
BRAND,1
ASSOCIATION,1
INSIDIOUS,1
ALMOST,1
HEALING,1
REMOVED,1
PAY,1
DIGGING,1
DONE,1
COFFEE,1
OUR,1
LONGER,1
REPLENISHING,1
UNTOLD,1
REBELLION,1
INFLAMES,1
CHARGED,1
MERELY,1
SUMMIT,1
LAUNCHED,1
PROVING,1
WITHOUT,1
SHANGHAI,1
ADMIT,1
HISTORY,1
DELEGATED,1
DELIVERED,1
MYTH,1
USEFUL,1
DAIRY,1
RIFT,1
BOAT,1
CHIP,1
SCALE,1
RACING,1
PROFESSOR,1
REVIVING,1
POINTED,1
CREATED,1
DEGREE,1
PROMPT,1
SYMBOL,1
LISTEN,1
PIPE,1
LENGTHY,1
EXUDES,1
PERMANENT,1
REVEAL,1
SPECTER,1
UNIVERSAL,1
VICTIM,1
PIPELINE,1
SYMPHONY,1
SHIFT,1
ANYONE,1
OUTSPOKEN,1
THEORY,1
GO,1
BURNED,0
LURCHING,1
UNSEEN,1
INCIDENT,0
DETAINED,0
FAIL,0
TRIFLE,1
WESTERN,1
PULL,1
CHAMPIONING,1
BADLY,1
WIDENING,1
WARNED,0
SIN,1
TRY,1
HOME,1
SLEEPING,1
DEVOLVE,0
RECIPE,1
JERK,1
PARTNER,1
UNPRECEDENTED,1
SWIMMING,1
SURMISE,1
TUBULAR,1
FROM,1
FILLED,1
ATTRACTIVE,2
STRETCHING,1
RISING,1
BLEND,1
REPORTEDLY,1
PRODUCTIVE,1
QUITTING,0
PRACTICAL,1
DISCOVERS,1
HEAT,1
DUOPOLY,1
APPOINT,1
DEFEATING,0
FORESHADOWED,1
SHARPER,1
NATURAL,1
FOSSIL,1
TREATMENT,1
LEAVE,1
GERM,1
CONFRONT,0
MENTION,1
GINGER,1
SODIUM,1
UNIQUE,1
BALLOON,1
SCORCHED,1
FEAST,1
VARNISHED,1
ROLLERCOASTER,1
LOSE,0
INJUSTICE,1
GALAXY,1
EXPERIMENTING,1
HEARING,1
HAND,1
SHOWROOM,1
LOCK,1
ENVIRONMENT,1
STALL,1
FOOTLOOSE,1
NOSTALGIA,1
STUNG,1
SUBSIDY,1
GRAPPLED,1
HOSPITAL,1
WITHSTOOD,1
USEFULNESS,1
OPIOIDS,1
EXTRICATE,1
GIVING,1
ROAR,1
FRESH,1
DELAY,0
AVERT,1
LOOPHOLE,1
EMIGRATE,1
LOOSE,1
AMBITION,1
REVIVED,1
BRUSH,1
MIDST,1
AWKWARDNESS,1
COSY,1
COVER,1
CRIME,0
WORD,1
COMBAT,1
EARNINGS,1
HEALTHY,1
WINDY,1
NICE,1
PAPER,1
TRAVELLING,1
EVER,1
UNLESS,1
WROTE,1
URGENCY,0
ENTREPRENEURIAL,1
UNUSUAL,1
PATTERN,1
COMMITTEE,1
SENSIBILITY,1
WARN,0
KNELL,1
BREAST,1
SKY,1
CLOTH,1
BOOTS,1
CHARRED,1
TREND,1
BECOME,1
PROHIBIT,1
WHEN,1
MIGHTIER,1
FOOT,1
LAUREL,1
COMBUSTIBLE,1
DARES,1
BANK,1
SURVIVAL,1
FARM,1
FALLS,1
CARTOGRAPHY,1
LANDING,1
SEMICONDUCTOR,1
RUSH,1
WILD,1
GAME,1
STIFF,1
PROPOSAL,1
THINK,1
COUNTDOWN,1
WOUND,1
STOPPING,0
CLAUSE,1
INFLATION,1
POORHOUSE,1
PAUSE,1
NEEDLE,1
HUT,1
PILING,1
BUMPING,1
SWEET,1
MESS,1
PIPING,1
HE,1
CORNER,1
ANY,1
CHUNKIEST,1
STRETCHED,1
THEY,1
FISH,1
SPRING,1
ORGAN,1
GUN,1
REMAINING,1
GLOVE,1
STANDING,1
ABRUPT,0
CREAM,1
EACH,1
PRIDE,1
CHARITY,1
BLACKOUTS,1
PHANTOM,1
SHUTS,0
MADNESS,1
WATERFRONT,1
TALE,1
AIRCRAFT,1
OBJECT,1
PROBLEMATICAL,0
HUMILIATING,1
CHARM,1
CAPITALIST,1
PITCH,1
BOUNCE,1
EAGER,1
CHERISH,1
SIGN,1
DISAPPEARANCE,0
HUGE,1
KNOCK,1
BEDSIDE,1
DEGENERATIVE,1
PATENT,1
RANK,1
RETIRED,1
CHINA,1
BURDEN,0
DRAWING,1
WHOLESALE,1
RUTHLESS,1
BLOODBATH,1
CRUSH,1
PROPHESIED,1
DESIGNS,1
EAT,1
SOB,1
BOOM,2
SUB,1
DEEMING,1
END,1
EGG,1
IMPROBABLE,1
COMMOTION,1
EXTRAORDINARY,1
COLLIDES,1
FOLK,1
DRAUGHTS,1
AUCTIONEER,1
DISCIPLINED,1
PETROCHEMICAL,1
TURBULENCE,0
MERRIER,1
LEAP,1
SCREW,1
THERAPY,1
WENT,1
BITE,1
VALUATION,1
DESIGNED,1
VISITED,1
ADO,1
SEATBELT,1
CHOSEN,1
CANISTER,1
CHART,1
FLOAT,1
DISTRACTION,0
CORK,1
SPEEDING,1
CLIPPED,1
HINDERS,0
NEED,1
SLEEP,1
CLOUD,1
THRILL,1
LUSTRE,1
DARKNESS,1
PAINTED,1
DISAGREE,0
HIDE,1
ROUGH,1
REAL,1
REACTION,1
OFFICER,1
TRAGIC,0
PATIENT,1
SLEUTH,1
PAD,1
DILUTE,1
GRIDLOCK,1
CONSOLATION,1
COOPED,1
RESISTANT,1
COPYCAT,1
PINK,1
POINTING,1
LOCATION,1
REV,1
SWEETHEART,1
OIL,1
COMPETE,1
SUGGEST,1
LABOUR,1
FAILURE,0
CRACKING,1
OUTRAGE,1
CONCERN,0
DOOMED,1
FORD,1
LEVIATHAN,1
PACKAGE,1
PETROL,1
HOLLOW,1
DROPPING,1
ME,1
SLEEVE,1
FLATTEN,1
CONQUERED,1
BUZZING,1
LABEL,1
ROLLING,1
FORTH,1
NOWHERE,1
NIGHTMARE,1
DOE,1
NEWLY,1
FIGHTER,1
CUT,0
IF,1
PROGRAMME,1
PLACE,1
CAT,1
OBSOLESCENCE,0
STAND,1
PONY,1
INTENSIFYING,1
PRESS,1
FILM,1
INSTANT,1
RECALLING,0
FAILED,0
BRUISING,1
WISDOM,1
LISTENING,1
INSIDE,1
CALORIFIC,1
SQUARE,1
REDEEM,1
ALERT,1
HEADSET,1
LIBERAL,1
REPORT,1
APPROVE,1
ANALYSIS,1
SUPERSEDED,1
RESIGNATION,0
DEMONOLOGY,1
LAMBASTS,1
SAVING,1
KIND,1
AFFECTED,1
SIRE,1
LANE,1
HELP,1
REFORMATION,1
SHAM,1
JOHN,1
SUGARY,1
ICON,1
MISBEHAVING,1
BUD,1
BATTLESHIP,1
FUEL,1
MATURITY,1
TUCKING,1
SPLIT,1
EPIC,1
DANGEROUS,0
DILEMMA,1
LEAN,1
GROOVING,1
TREE,1
WATER,1
RESORT,1
PEACOCK,1
LIE,0
UNCOUPLING,1
RADICAL,1
EMBRACING,1
CONSPICUOUS,1
EMBRACES,1
JAW,1
BALLOT,1
ENTHUSIASTIC,2
SICK,1
SEX,1
HERE,1
MATERIAL,1
HOTEL,1
MALL,1
NIMBLE,1
ENERGY,1
GEOPOLITICAL,1
SHOT,1
GOOD,2
STUDENT,1
SLACKENS,1
KILLING,1
NORTH,1
TOURIST,1
ENTANGLE,1
BOOMING,2
PAYING,1
BULL,1
AGE,1
MERE,1
SHABBY,1
TURN,1
DEFAULT,0
FORTUNE,1
FINDING,1
EXCESS,1
TILTING,1
CROWD,1
PRODUCE,1
SUNRISE,1
SCRAMBLE,1
WARMONGERING,1
ABDICATED,0
SEAM,1
NAME,1
MEET,1
AVOID,1
TRANSATLANTIC,1
NODDING,1
HEADLINE,1
THERE,1
FAREWELL,1
RESTORED,1
EVEN,1
